cell_line	accession	rna_type	lab	file_accession	file_format	output_type	assembly	genome_annotation	biological_replicates	preferred_default	file_url
SJSA1	ENCSR880EGO	total RNA-seq	Thomas Gingeras, CSHL	ENCFF599YDS	tsv	gene quantifications	hg19	V19	2	False	https://www.encodeproject.org/files/ENCFF599YDS/@@download/ENCFF599YDS.tsv
SJSA1	ENCSR880EGO	total RNA-seq	Thomas Gingeras, CSHL	ENCFF435GRI	tsv	gene quantifications	hg19	V19	1	True	https://www.encodeproject.org/files/ENCFF435GRI/@@download/ENCFF435GRI.tsv
SJSA1	ENCSR880EGO	total RNA-seq	Thomas Gingeras, CSHL	ENCFF457WQQ	tsv	gene quantifications	GRCh38	V24	1	True	https://www.encodeproject.org/files/ENCFF457WQQ/@@download/ENCFF457WQQ.tsv
SJSA1	ENCSR880EGO	total RNA-seq	Thomas Gingeras, CSHL	ENCFF272MYR	tsv	gene quantifications	GRCh38	V24	2	False	https://www.encodeproject.org/files/ENCFF272MYR/@@download/ENCFF272MYR.tsv
SJSA1	ENCSR880EGO	total RNA-seq	Thomas Gingeras, CSHL	ENCFF876WYO	tsv	gene quantifications	GRCh38	V29	2	False	https://www.encodeproject.org/files/ENCFF876WYO/@@download/ENCFF876WYO.tsv
SJSA1	ENCSR880EGO	total RNA-seq	Thomas Gingeras, CSHL	ENCFF588OXD	tsv	gene quantifications	GRCh38	V29	1	True	https://www.encodeproject.org/files/ENCFF588OXD/@@download/ENCFF588OXD.tsv
MG63	ENCSR971KNW	total RNA-seq	Thomas Gingeras, CSHL	ENCFF452FRR	tsv	gene quantifications	hg19	V19	2	True	https://www.encodeproject.org/files/ENCFF452FRR/@@download/ENCFF452FRR.tsv
MG63	ENCSR971KNW	total RNA-seq	Thomas Gingeras, CSHL	ENCFF565OUH	tsv	gene quantifications	hg19	V19	1	False	https://www.encodeproject.org/files/ENCFF565OUH/@@download/ENCFF565OUH.tsv
MG63	ENCSR971KNW	total RNA-seq	Thomas Gingeras, CSHL	ENCFF843DLE	tsv	gene quantifications	GRCh38	V24	1	False	https://www.encodeproject.org/files/ENCFF843DLE/@@download/ENCFF843DLE.tsv
MG63	ENCSR971KNW	total RNA-seq	Thomas Gingeras, CSHL	ENCFF594FTI	tsv	gene quantifications	GRCh38	V24	2	True	https://www.encodeproject.org/files/ENCFF594FTI/@@download/ENCFF594FTI.tsv
MG63	ENCSR971KNW	total RNA-seq	Thomas Gingeras, CSHL	ENCFF663XXF	tsv	gene quantifications	GRCh38	V29	1	False	https://www.encodeproject.org/files/ENCFF663XXF/@@download/ENCFF663XXF.tsv
MG63	ENCSR971KNW	total RNA-seq	Thomas Gingeras, CSHL	ENCFF280XKK	tsv	gene quantifications	GRCh38	V29	2	True	https://www.encodeproject.org/files/ENCFF280XKK/@@download/ENCFF280XKK.tsv
HepG2	ENCSR245ATJ	total RNA-seq	Barbara Wold, Caltech	ENCFF863QWG	tsv	gene quantifications	GRCh38	V29	1	True	https://www.encodeproject.org/files/ENCFF863QWG/@@download/ENCFF863QWG.tsv
HCT116	ENCSR698RPL	total RNA-seq	Barbara Wold, Caltech	ENCFF435PHM	tsv	gene quantifications	GRCh38	V29	1	True	https://www.encodeproject.org/files/ENCFF435PHM/@@download/ENCFF435PHM.tsv
Panc1	ENCSR128CYL	total RNA-seq	Barbara Wold, Caltech	ENCFF710IFD	tsv	gene quantifications	GRCh38	V29	1	True	https://www.encodeproject.org/files/ENCFF710IFD/@@download/ENCFF710IFD.tsv
K562	ENCSR000AEL	total RNA-seq	Thomas Gingeras, CSHL	ENCFF902SEE	tsv	gene quantifications	hg19	V19	1	False	https://www.encodeproject.org/files/ENCFF902SEE/@@download/ENCFF902SEE.tsv
K562	ENCSR000AEL	total RNA-seq	Thomas Gingeras, CSHL	ENCFF782PCD	tsv	gene quantifications	hg19	V19	2	True	https://www.encodeproject.org/files/ENCFF782PCD/@@download/ENCFF782PCD.tsv
K562	ENCSR000AEL	total RNA-seq	Thomas Gingeras, CSHL	ENCFF201HGA	tsv	gene quantifications	GRCh38	V24	2	True	https://www.encodeproject.org/files/ENCFF201HGA/@@download/ENCFF201HGA.tsv
K562	ENCSR000AEL	total RNA-seq	Thomas Gingeras, CSHL	ENCFF104VTJ	tsv	gene quantifications	GRCh38	V24	1	False	https://www.encodeproject.org/files/ENCFF104VTJ/@@download/ENCFF104VTJ.tsv
K562	ENCSR000AEL	total RNA-seq	Thomas Gingeras, CSHL	ENCFF136UBW	tsv	gene quantifications	GRCh38	V29	1	False	https://www.encodeproject.org/files/ENCFF136UBW/@@download/ENCFF136UBW.tsv
K562	ENCSR000AEL	total RNA-seq	Thomas Gingeras, CSHL	ENCFF171FQU	tsv	gene quantifications	GRCh38	V29	2	True	https://www.encodeproject.org/files/ENCFF171FQU/@@download/ENCFF171FQU.tsv
K562	ENCSR615EEK	total RNA-seq	Barbara Wold, Caltech	ENCFF421TJX	tsv	gene quantifications	GRCh38	V29	1	True	https://www.encodeproject.org/files/ENCFF421TJX/@@download/ENCFF421TJX.tsv
K562	ENCSR792OIJ	total RNA-seq	Barbara Wold, Caltech	ENCFF003XKT	tsv	gene quantifications	GRCh38	V29	2	False	https://www.encodeproject.org/files/ENCFF003XKT/@@download/ENCFF003XKT.tsv
K562	ENCSR792OIJ	total RNA-seq	Barbara Wold, Caltech	ENCFF928NYA	tsv	gene quantifications	GRCh38	V29	1	True	https://www.encodeproject.org/files/ENCFF928NYA/@@download/ENCFF928NYA.tsv
PC-3	ENCSR420NLC	total RNA-seq	Thomas Gingeras, CSHL	ENCFF182UOI	tsv	gene quantifications	hg19	V19	1	False	https://www.encodeproject.org/files/ENCFF182UOI/@@download/ENCFF182UOI.tsv
PC-3	ENCSR420NLC	total RNA-seq	Thomas Gingeras, CSHL	ENCFF485DRW	tsv	gene quantifications	hg19	V19	2	True	https://www.encodeproject.org/files/ENCFF485DRW/@@download/ENCFF485DRW.tsv
PC-3	ENCSR420NLC	total RNA-seq	Thomas Gingeras, CSHL	ENCFF250GRX	tsv	gene quantifications	GRCh38	V24	1	False	https://www.encodeproject.org/files/ENCFF250GRX/@@download/ENCFF250GRX.tsv
PC-3	ENCSR420NLC	total RNA-seq	Thomas Gingeras, CSHL	ENCFF200VPR	tsv	gene quantifications	GRCh38	V24	2	True	https://www.encodeproject.org/files/ENCFF200VPR/@@download/ENCFF200VPR.tsv
PC-3	ENCSR420NLC	total RNA-seq	Thomas Gingeras, CSHL	ENCFF970ZLV	tsv	gene quantifications	GRCh38	V29	1	False	https://www.encodeproject.org/files/ENCFF970ZLV/@@download/ENCFF970ZLV.tsv
PC-3	ENCSR420NLC	total RNA-seq	Thomas Gingeras, CSHL	ENCFF882EWJ	tsv	gene quantifications	GRCh38	V29	2	True	https://www.encodeproject.org/files/ENCFF882EWJ/@@download/ENCFF882EWJ.tsv
PC-3	ENCSR648KDM	total RNA-seq	Barbara Wold, Caltech	ENCFF617JTM	tsv	gene quantifications	GRCh38	V29	1	True	https://www.encodeproject.org/files/ENCFF617JTM/@@download/ENCFF617JTM.tsv
Karpas-422	ENCSR314LXG	total RNA-seq	Thomas Gingeras, CSHL	ENCFF300CIP	tsv	gene quantifications	hg19	V19	1	False	https://www.encodeproject.org/files/ENCFF300CIP/@@download/ENCFF300CIP.tsv
Karpas-422	ENCSR314LXG	total RNA-seq	Thomas Gingeras, CSHL	ENCFF353ZKT	tsv	gene quantifications	hg19	V19	2	True	https://www.encodeproject.org/files/ENCFF353ZKT/@@download/ENCFF353ZKT.tsv
Karpas-422	ENCSR314LXG	total RNA-seq	Thomas Gingeras, CSHL	ENCFF750TNP	tsv	gene quantifications	GRCh38	V24	2	True	https://www.encodeproject.org/files/ENCFF750TNP/@@download/ENCFF750TNP.tsv
Karpas-422	ENCSR314LXG	total RNA-seq	Thomas Gingeras, CSHL	ENCFF657WZA	tsv	gene quantifications	GRCh38	V24	1	False	https://www.encodeproject.org/files/ENCFF657WZA/@@download/ENCFF657WZA.tsv
Karpas-422	ENCSR314LXG	total RNA-seq	Thomas Gingeras, CSHL	ENCFF257LZM	tsv	gene quantifications	GRCh38	V29	2	True	https://www.encodeproject.org/files/ENCFF257LZM/@@download/ENCFF257LZM.tsv
Karpas-422	ENCSR314LXG	total RNA-seq	Thomas Gingeras, CSHL	ENCFF491FJF	tsv	gene quantifications	GRCh38	V29	1	False	https://www.encodeproject.org/files/ENCFF491FJF/@@download/ENCFF491FJF.tsv
A673	ENCSR558SEE	total RNA-seq	Barbara Wold, Caltech	ENCFF619BUB	tsv	gene quantifications	GRCh38	V29	1	True	https://www.encodeproject.org/files/ENCFF619BUB/@@download/ENCFF619BUB.tsv
A673	ENCSR558SEE	total RNA-seq	Barbara Wold, Caltech	ENCFF908DWD	tsv	gene quantifications	GRCh38	V29	2	False	https://www.encodeproject.org/files/ENCFF908DWD/@@download/ENCFF908DWD.tsv
